عَبَدَ يَعْبُدُ عِبَادَةً,
to worship,
عَرَفَ يَعْرِفُ مَعْرِفَةً,
to recognise,
عَطِشَ يَعْطَشُ عَطَشًا,
to be thirsty,
عَلَّمَ يُعَلِّمُ تَعْلِيمًا,
to teach,
"غَابَ يَغِيبُ غَيْبًا، غَيْبُوبَةً",
to be absent hidden unseen vanish,
غَضِبَ يَغْضَبُ غَضَبًا,
to be angry,
غَفَرَ يَغْفِرُ مَغْفِرَةً,
to forgive,
قَامَ يَقُومُ قِيَامًا,
to stand,
قَرَأَ يَقْرَأُ قِرَاءَةً,
to read,
كَثُرَ يَكْثُرُ كَثْرَةً,
to be abundant,
كَذَبَ يَكْذِبُ كَذِبًا,
to lie be dishonest,
كَفَرَ يَكْفُرُ كُفْرًا,
to disbelieve be ungrateful,
مَاتَ يَمُوتُ مَوْتًا,
to die,
مَرِضَ يَمْرَضُ مَرَضًا,
to be sick,
نَامَ يَنَامُ نَوْمًا,
to sleep,
نَصَرَ يَنْصُرُ نَصْرًا,
to help,
خَسِرَ يَخْسَرُ خُسْرَانًا,
to make a loss,
خَلَقَ يَخْلُقُ خَلْقًا,
to create,
ذَهَبَ يَذْهَبُ ذَهَابًا,
to go,
رَأَى يَرَى رُؤْيَةً,
to see,
رَزَقَ يَرْزُقُ رِزْقًا,
to provide,
سَافَرَ يُسَافِرُ مُسَافَرَةً,
to travel,
سَأَلَ يَسْأَلُ سُؤَالًا,
to ask,
سَقَطَ يَسْقُطُ سُقُوطًا,
to fall,
سَمِعَ يَسْمَعُ سَمْعًا,
to hear listen,
"شَبِعَ يَشْبَعُ شِبَعًا، شَبْعًا",
to be sated,
شَرِبَ يَشْرَبُ شُرْبًا,
to drink,
شَكَرَ يَشْكُرُ شُكْرًا,
to thank,
"صَامَ يَصُومُ صَوْمًا، صِيَامًا",
to fast,
صَبَرَ يَصْبِرُ صَبْرًا,
to be patient,
صَدَقَ يَصْدُقُ صِدْقًا,
to tell the truth,
ظَلَمَ يَظْلِمُ ظُلْمًا,
to oppress,
مُعَلِّمٌ ج مُعَلِّمُونَ,
teacher,
مُعَلِّمَةٌ ج مُعَلِّمَاتٌ,
teacher,
مَكْتَبٌ ج مَكَاتِبُ,
desk,
مَلِكٌ ج مُلُوكٌ,
king,
مُؤْمِنٌ ج ون,
believer,
نَارٌ ج نِيرَانٌ (مؤ),
fire,
نَاسٌ ج أُنَاسٌ,
people,
"نَبِيٌّ ج أَنْبِيَاءُ، نَبِيُّونَ",
prophet,
نَجْمٌ ج نُجُومٌ,
star,
"نَفْسٌ ج نُفُوسٌ، أَنْفُسٌ (مؤ)",
soul,
وَلَدٌ ج أَوْلَادٌ,
child son,
"يَدٌ ج أَيْدٍ، أَيَادٍ (مؤ)",
hand,
قِرْطَاسٌ ج قَرَاطِيسُ,
paper (sheet of),
قَلَمٌ ج أَقْلَامٌ,
pen,
قَمَرٌ ج أَقْمَارٌ,
moon,
قَوْمٌ ج أَقْوَامٌ,
nation,
كِتَابٌ ج كُتُبٌ,
book,
كُرْسِيٌّ ج كَرَاسِيُّ,
chair,
"لَيْلَةٌ، لَيْلٌ ج لَيَالٍ",
night,
مَاءٌ ج مِيَاهٌ,
water,
مُجْتَهِدٌ ج ون,
hardworking,
مُخْلِصٌ ج ون,
sincere,
مَدْرَسَةٌ ج مَدَارِسُ,
school place of study,
مُسْلِمٌ ج ون,
Muslim,
اِنْكَسَرَ يَنْكَسِرُ اِنْكِسَارًا,
to break become broken,
بَعَثَ يَبْعَثُ بَعْثًا,
to send resurrect,
جَاءَ يَجِيءُ مَجِيئًا,
to come,
جَاعَ يَجُوعُ جُوعًا,
to be hungry,
جَعَلَ يَجْعَلُ جَعْلًا,
to make,
جَلَسَ يَجْلِسُ جُلُوسًا,
to sit,
جَهِلَ يَجْهَلُ جَهْلًا,
to be unaware of ignorant not know,
حَزِنَ يَحْزَنُ حُزْنًا,
to be sad grieve,
حَضَرَ يَحْضُرُ حُضُورًا,
to attend,
اِبْتَسَمَ يَبْتَسِمُ اِبْتِسَامًا,
to smile,
اِجْتَهَدَ يَجْتَهِدُ اِجْتِهَادًا,
to work hard,
اِسْتَيْقَظَ يَسْتَيْقِظُ اِسْتِيقَاظًا,
to wake up,
أَسْرَعَ يُسْرِعُ إِسْرَاعًا,
to hasten,
أَعْطَى يُعْطِي إِعْطَاءً,
to give,
أَكَلَ يَأْكُلُ أَكْلًا,
to eat,
آمَنَ يُؤْمِنُ إِيمَانًا,
to believe,
أَنْذَرَ يُنْذِرُ إِنْذَارًا,
to warn,
أَنْزَلَ يُنْزِلُ إِنْزَالًا,
to send down,
"سَنَةٌ ج سَنَوَاتٌ، سِنُونَ",
year,
سُورَةٌ ج سُوَرٌ,
chapter,
شَاكِرٌ ج ون,
thankful,
شَرَابٌ ج أَشْرِبَةٌ,
drink,
شَمْسٌ ج شُمُوسٌ (مؤ),
sun,
شَيْءٌ ج أَشْيَاءُ,
thing,
صَابِرٌ ج ون,
patient,
صَادِقٌ ج ون,
truthful,
صَالِحٌ ج ون,
pious,
ضَيْفٌ ج ضُيُوفٌ,
guest,
طَالِبٌ ج طُلَّابٌ,
student,
طَالِبَةٌ ج طَالِبَاتٌ,
student,
طَعَامٌ ج أَطْعِمَةٌ,
food,
طِفْلٌ ج أَطْفَالٌ,
child,
طِفْلَةٌ ج أَطْفَالٌ,
child,
عَالِمٌ ج عُلَمَاءُ,
scholar,
عَبْدٌ ج عِبَادٌ,
servant,
عَمٌّ ج أَعْمَامٌ,
uncle (father's brother),
"عَيْنٌ ج أَعْيُنٌ، عُيُونٌ (مؤ)",
eye spring,
فَاسِقٌ ج ون,
transgressor,
فَقِيرٌ ج فُقَرَاءُ,
destitute,
أَبٌ ج آبَاءُ,
father,
"أَخٌ ج إِخْوَانٌ، إِخْوَةٌ",
brother,
أُخْتٌ ج أَخَوَاتٌ,
sister,
أَرْضٌ ج أَرَضُونَ (مؤ),
earth,
أُمٌّ ج أُمَّهَاتٌ,
mother,
إِمَامٌ ج أَئِمَّةٌ,
imam leader,
"اِمْرَأَةٌ ج نِسَاءٌ، نِسْوَةٌ",
woman,
بِنْتٌ ج بَنَاتٌ,
daughter,
جَالِسٌ ج ون,
sitting,
جَبَلٌ ج جِبَالٌ,
mountain,
جَدٌّ ج أَجْدَادٌ,
grandfather,
جَدَّةٌ ج جَدَّاتٌ,
grandmother,
جَنَّةٌ ج جَنَّاتٌ,
garden heaven,
خَالَةٌ ج خَالَاتٌ,
aunt (mother's sister),
دُنْيَا (مؤ),
world,
رَبٌّ ج أَرْبَابٌ,
lord nourisher,
رِجْلٌ ج أَرْجُلٌ (مؤ),
foot,
رَجُلٌ ج رِجَالٌ,
man,
رَسُولٌ ج رُسُلٌ,
messenger,
رِيحٌ ج رِيَاحٌ (مؤ),
wind,
سَمَاءٌ ج سَمَاوَاتٌ (مؤ),
sky,
ثَوَابٌ,
"reward, recompense",
جُزْءٌ ج أَجْزَاءٌ,
part,
حَاجٌّ ج حُجَّاجٌ,
Hajj (one who has performed Hajj),
"حَجَرٌ ج أَحْجَارٌ، حِجَارَةٌ",
stone,
حُجْرَةٌ ج اتٌ,
room,
حَسَنَةٌ ج اتٌ,
good deed,
حَقٌّ,
truth,
حَقِيبَةٌ ج حَقَائِبُ,
bag,
حِكْمَةٌ ج حِكَمٌ,
wisdom,
حِينٌ ج أَحْيَانٌ,
time,
خَيْرٌ ج خِيَارٌ,
"better, best, goodness",
دَائِمٌ,
always,
دَرْسٌ ج دُرُوسٌ,
lesson,
دَقِيقَةٌ ج دَقَائِقُ,
minute,
دِينٌ ج أَدْيَانٌ,
"religion, retribution",
ذَنْبٌ ج ذُنُوبٌ,
sins,
رَطْلٌ ج أَرْطَالٌ,
pound (weight),
سَاعَةٌ ج اتٌ,
"time, while, hour, Day of Judgement",
سُنَّةٌ,
show,
سَيِّئَةٌ ج اتٌ,
evil deed,
"شَرٌّ، شِرَارٌ",
"worse, worst, evil",
أَبَدًا,
"always, ever",
أَجْرٌ ج أُجُورٌ,
"reward, wage",
أَحْسَنُ,
better,
آخِرَةٌ,
hereafter,
أُسْبُوعٌ ج أَسَابِيعُ,
week,
أَشَدُّ,
"severe, severest",
أَقَلُّ,
"less, least",
أَكْثَرُ,
"more, most",
أَمْسِ (مَبْنِيٌّ),
yesterday,
آنٌ,
time,
الآنَ,
"now, just now",
إِنَاءٌ ج آنِيَةٌ,
container,
بَابٌ ج أَبْوَابٌ,
door,
البَارِحَةُ,
last night,
بَشَرٌ,
human being,
بَشِيرٌ,
bearer of glad tidings,
بَصِيرَةٌ ج بَصَائِرُ,
"enlightenment, insight",
بَعْدُ (مَبْنِيٌّ),
"yet, until now",
بَيِّنَةٌ ج بَيِّنَاتٌ,
"clear, clear proof",
تَاجِرٌ ج تُجَّارٌ,
businessman,
تُفَّاحَةٌ ج تُفَّاحٌ,
apple,
لَحْمٌ ج لُحُومٌ,
meat,
مُبَارَكٌ,
blessed,
مُتَّقٍ ج ونَ,
God-fearing,
مَسَاءٌ,
evening,
مَسْرُورٌ ج ونَ,
happy,
مَلَكٌ ج مَلائِكَةٌ,
angel,
مُهَاجِرٌ ج ونَ,
migrant,
مَوْعِظَةٌ ج مَوَاعِظُ,
admonition,
مِيزَانٌ ج مَوَازِينُ,
scale,
نَاصِرٌ ج أَنْصَارٌ,
helper,
نَافِذَةٌ ج نَوَافِذُ,
window,
نَهَارٌ,
day/daytime,
وَاحِدٌ,
one,
يَوْمٌ ج أَيَّامٌ,
day,
شِرْكٌ,
polytheism,
"شَهْرٌ ج شُهُورٌ، أَشْهُرٌ",
month,
شَيْءٌ ج أَشْيَاءُ,
thing,
شَيْطَانٌ ج شَيَاطِينُ,
devil,
صَبَاحٌ,
morning,
صِرَاطٌ ج صُرُطٌ,
path,
عَالَمٌ ج ونَ,
world,
عَسَلٌ,
honey,
عِلْمٌ ج عُلُومٌ,
knowledge,
غَدٌ,
tomorrow,
"غُرْفَةٌ ج غُرَفٌ، اتٌ",
room,
غَنِيٌّ ج أَغْنِيَاءُ,
rich,
قَطُّ (مَبْنِيٌّ),
ever,
لَبَنٌ ج أَلْبَانٌ,
milk,
لِتْرٌ ج لِتْرَاتٌ,
litre,
تَرَكَ يَتْرُكُ تَرْكًا,
"to leave, let",
تَلاَ يَتْلُو تِلاَوَةً,
to recite,
جَزِعَ يَجْزَعُ جَزَعًا,
to be impatient (opposite of صبر),
جَمَعَ يَجْمَعُ جَمْعًا,
"to collect, gather",
حَسَدَ يَحْسُدُ حَسَدًا,
to envy,
حَفِظَ يَحْفَظُ حِفْظًا,
"to memorise, protect",
خَافَ يَخَافُ خَوْفًا,
to fear,
خَرَجَ يَخْرُجُ خُرُوجًا,
"to come out, leave",
خَشَعَ يَخْشَعُ خُشُوعًا,
to be humble,
خَطَبَ يَخْطُبُ خُطْبَةً,
to give a lecture,
دَخَلَ يَدْخُلُ دُخُولاً,
to enter,
"دَعَا يَدْعُو دَعْوَةً، دُعَاءً",
"to call, supplicate",
"رَاءَى يُرَائِي رِيَاءً، مُرَاءَاةً",
to show off,
رَتَّلَ يُرَتِّلُ تَرْتِيلاً,
to recite clearly,
رَجَا يَرْجُو رَجَاءً,
to hope,
رَجَعَ يَرْجِعُ رُجُوعًا,
to return,
رَضِيَ يَرْضَى رِضْوَانًا,
"to be happy with, approve of",
"رَغِبَ يَرْغَبُ رَغْبَةً، رُغْبًا",
"to hope, desire",
رَكِبَ يَرْكَبُ رُكُوبًا,
to ride,
رَكَعَ يَرْكَعُ رُكُوعًا,
to bow,
"رَهِبَ يَرْهَبُ رَهْبَةً، رُهْبًا",
to fear,
زَادَ يَزِيدُ زِيَادَةً,
to increase,
اتَّخَذَ يَتَّخِذُ اتِّخَاذًا,
to take as,
أَتَى يَأْتِي إِتْيَانًا,
to come,
آتَى يُؤْتِي إِيتَاءً,
to give,
"أَحَبَّ يُحِبُّ إِحْبَابًا، حُبًّا",
to love,
احْتَرَمَ يَحْتَرِمُ احْتِرَامًا,
"to respect, honour",
احْتَسَبَ يَحْتَسِبُ احْتِسَابًا,
to hope for reward,
أَخَذَ يَأْخُذُ أَخْذًا,
"to take, seize",
أَرْسَلَ يُرْسِلُ إِرْسَالاً,
to send,
أَرَى يُرِي إِرَاءَةً,
to show,
ازْدَادَ يَزْدَادُ ازْدِيَادًا,
to increase,
اسْتَغْفَرَ يَسْتَغْفِرُ اسْتِغْفَارًا,
to seek forgiveness,
اشْتَرَى يَشْتَرِي اشْتِرَاءً,
to buy,
أَضَلَّ يُضِلُّ إِضْلاَلاً,
to misguide,
"أَطَاعَ يُطِيعُ إِطَاعَةً، طَاعَةً",
to obey,
أَطْعَمَ يُطْعِمُ إِطْعَامًا,
to feed,
اعْتَمَرَ يَعْتَمِرُ اعْتِمَارًا,
to perform Umrah,
أَفْلَحَ يُفْلِحُ إِفْلاَحًا,
to be successful,
أَنْعَمَ يُنْعِمُ إِنْعَامًا,
to favour,
أَنْفَقَ يُنْفِقُ إِنْفَاقًا,
to spend,
اهْتَدَى يَهْتَدِي اهْتِدَاءً,
"to be guided, find the right way",
بَاعَ يَبِيعُ بَيْعًا,
to sell,
بَكَى يَبْكِي بُكَاءً,
to cry,
فَهِمَ يَفْهَمُ فَهْمًا,
to understand,
قَالَ يَقُولُ قَوْلاً,
to say,
قَتَلَ يَقْتُلُ قَتْلاً,
to kill murder,
قَعَدَ يَقْعُدُ قُعُودًا,
to sit,
كَتَبَ يَكْتُبُ كِتَابَةً,
"to write, prescribe",
كَذَبَ يَكْذِبُ تَكْذِيبًا,
to reject,
كَسَا يَكْسُو كَسْوًا,
to clothe,
كَسَبَ يَكْسِبُ كَسْبًا,
to earn,
مَشَى يَمْشِي مَشْيًا,
to walk,
مَلَأَ يَمْلَأُ مَلْأً,
to fill,
نَسِيَ يَنْسَى نِسْيَانًا,
to forget,
"هَدَى يَهْدِي هِدَايَةً، هُدًى",
to guide,
وَضَعَ يَضَعُ وَضْعًا,
to put,
وَعَدَ يَعِدُ وَعْدًا,
to promise,
وَهَبَ يَهَبُ هِبَةً,
"to give, grant",
سَجَدَ يَسْجُدُ سُجُودًا,
to prostrate,
سَقَى يَسْقِي سَقْيًا,
to give to drink,
سَكَتَ يَسْكُتُ سُكُوتًا,
to be quiet,
شَفَى يَشْفِي شِفَاءً,
to cure,
صَلَّى يُصَلِّي صَلاَةً,
to perform salah,
صَنَعَ يَصْنَعُ صُنْعًا,
"to make, manufacture, do",
ضَحِكَ يَضْحَكُ ضَحِكًا,
to laugh,
ضَرَبَ يَضْرِبُ ضَرْبًا,
to hit,
ضَلَّ يَضِلُّ ضَلاَلاً,
to be mislead,
طَمِعَ يَطْمَعُ طَمَعًا,
to desire,
عَدَلَ يَعْدِلُ عَدْلاً,
to be just,
عَصَى يَعْصِي مَعْصِيَةً,
to disobey,
عَلِمَ يَعْلَمُ عِلْمًا,
to know,
عَمِلَ يَعْمَلُ عَمَلاً,
"to do, work",
فَتَحَ يَفْتَحُ فَتْحًا,
to open,
ثَمَرٌ ج ثِمَارٌ,
fruit,
جَزَاءٌ,
"recompense, reward",
جَمِيلٌ,
beautiful,
جَنَاحٌ ج أَجْنِحَةٌ,
wing,
جُنَيْهٌ ج اتٌ,
pound (£),
جَوَابٌ ج أَجْوِبَةٌ,
answer,
حَاجَةٌ ج اتٌ,
need,
حَارٌّ,
hot,
حَدِيقَةٌ ج حَدَائِقُ,
garden,
حَسَنٌ,
"beautiful, good, nice, pleasant",
حَكِيمٌ,
All-Wise,
حَلِيمٌ,
Forbearing,
حَمٌ ج أَحْمَاءٌ,
brother-in-law,
"حِمَارٌ ج حَمِيرٌ، حُمُرٌ",
donkey,
حَيٌّ ج أَحْيَاءٌ,
living,
خَالِصٌ,
pure,
خُبْزٌ ج أَخْبَازٌ,
bread,
خَبِيرٌ,
All-Aware,
خَفِيفٌ ج خِفَافٌ,
light,
خَمْرٌ,
alcohol,
"دَارٌ ج دِيَارٌ، دُورٌ (مـ)",
"house, (land)",
"دَاعٍ ج دُعَاةٌ، ونَ",
caller,
إِبِلٌ,
camel,
"ابْنٌ ج أَبْنَاءٌ، ونَ",
son,
أَبْيَضُ (بَيْضَاءُ) ج بِيضٌ,
white,
أَحْمَرُ (حَمْرَاءُ) ج حُمْرٌ,
red,
"آخِرٌ ج ونَ، أَوَاخِرُ",
"last, ending",
أَخْضَرُ (خَضْرَاءُ) ج خُضْرٌ,
green,
أَخِيرٌ,
last,
أَذَانٌ,
call to prayer,
أَزْرَقُ (زَرْقَاءُ) ج زُرْقٌ,
blue,
أُسْتَاذٌ ج أَسَاتِذَةٌ,
"teacher, professor",
"أَسَدٌ ج أُسْدٌ، أُسُدٌ",
lion,
أَسْوَدُ ج سُودٌ,
black,
أَصْفَرُ (صَفْرَاءُ) ج صُفْرٌ,
yellow,
أَمِيرٌ ج أُمَرَاءُ,
leader,
أَمِينٌ,
trustworthy,
أَهْلٌ ج ونَ,
"family, people (of)",
"أَوَّلٌ ج ونَ، أَوَائِلُ",
"first, beginning",
"بَحْرٌ ج بِحَارٌ، أَبْحُرٌ",
ocean,
بَخِيلٌ ج بُخَلاَءُ,
stingy,
بَقَرَةٌ ج بَقَرَاتٌ,
cow,
بَلَدٌ ج بِلاَدٌ,
city,
ثَقِيلٌ ج ثِقَالٌ,
heavy,
عَالِمٌ ج عُلَمَاءُ,
scholar,
عَامٌ ج أَعْوَامٌ,
year,
عَذْبٌ,
palatable,
عَرْشٌ ج عُرُوشٌ,
throne,
عَظِيمٌ,
great,
عَمَلٌ ج أَعْمَالٌ,
"deed, action",
غُرْفَةٌ ج غُرَفٌ,
room,
فَرَسٌ ج أَفْرَاسٌ,
horse,
فَضْلٌ,
"grace, virtue",
فَلاَّحٌ ج وْنَ,
farmer,
فَمٌ ج أَفْوَاهٌ,
mouth,
"فِيلٌ ج فِيَلَةٌ، أَفْيَالٌ",
elephant,
"قَاضٍ ج قُضَاةٌ، وْنَ",
judge,
قَبِيحٌ,
"ugly, unsightly",
قَدَرٌ,
power,
قَرْيَةٌ ج قُرًى,
village,
قَطْرَةٌ ج اتٌ,
drop,
قَلِيلٌ,
"few, a little",
قُوَّةٌ ج اتٌ,
strength,
قَوِيٌّ,
All-Powerful,
قِيَامَةٌ,
resurrection,
كَبْشٌ,
ram,
كَثِيرٌ,
"many, a lot, an abundance",
دَرَجَةٌ ج اتٌ,
status,
دُكَّانٌ ج دَكَاكِينُ,
shop,
دِينَارٌ ج دَنَانِيرُ,
dinar,
ذُبَابٌ ج ذِبَّانٌ,
fly,
رَءُوفٌ,
Most Kind,
رُمَّانَةٌ ج اتٌ,
pomegranate,
زَوْجٌ ج أَزْوَاجٌ,
spouse,
سَفِينَةٌ ج سُفُنٌ,
ship,
سِكِّينٌ ج سَكَاكِينُ,
knife,
سَيْفٌ ج سُيُوفٌ,
sword,
"شَابٌّ ج شُبَّانٌ، شَبَابٌ",
young man,
"شَاةٌ ج شِيَاهٌ، شَاءٌ",
sheep,
شَاكِرٌ,
Appreciative,
شَجَرَةٌ ج أَشْجَارٌ,
tree,
شَرَفٌ,
"nobility, high rank",
شَهِيدٌ ج شُهَدَاءٌ,
"witness, martyr",
شَيْخٌ ج شُيُوخٌ,
"shaykh, old man",
صَحَابِيٌّ ج صَحَابَةٌ,
companion,
صَفْحَةٌ ج اتٌ,
page,
صَلاَةٌ ج صَلَوَاتٌ,
prayer,
طَيِّبٌ (ة) ج وْنَ (اتٌ),
pure,
طَيْرٌ ج طُيُورٌ,
bird,
عَافِيَةٌ,
well-being,
مِيلٌ ج أَمْيَالٌ,
mile,
نَجِسٌ,
impure,
نَهْرٌ ج أَنْهَارٌ,
river,
"هَادٍ ج هُدَاةٌ، وْنَ",
guide,
وَاجِبٌ,
compulsory,
"وَادٍ ج وِدْيَانٌ، أَوْدِيَةٌ",
valley,
وَاسِعٌ,
All-Encompassing,
وَجْهٌ ج وُجُوهٌ,
face,
وَسِخٌ,
dirty,
وَقْتٌ ج أَوْقَاتٌ,
time,
يَتِيمٌ ج يَتَامَى,
orphan,
كَرِيمٌ ج كِرَامٌ,
noble,
كَلْبٌ ج كِلاَبٌ,
dog,
الْكَوْثَرُ,
name of a river in paradise,
لَطِيفٌ,
All-Subtle,
مُحْسِنٌ ج وْنَ,
those who do good,
مَدِينَةٌ ج مُدُنٌ,
city,
مُسْتَقِيمٌ,
straight,
مِسْكِينٌ ج مَسَاكِينُ,
poor,
مَقْبُولٌ,
accepted,
مَهْدِيٌّ ج وْنَ,
guided,
مَيِّتٌ ج أَمْوَاتٌ,
dead,
سَمَّى يُسَمِّي تَسْمِيَةً,
"to name, call",
صَاحَ يَصِيحُ صَيْحَةً,
to scream,
صَحَّ يَصِحُّ صِحَّةً,
"to be healthy, correct",
ضَرَّ يَضُرُّ ضَرًّا,
to harm,
طَارَ يَطِيرُ طَيْرًا,
to fly,
طَلَبَ يَطْلُبُ طَلَبًا,
to seek,
عَذَّبَ يُعَذِّبُ تَعْذِيبًا,
to punish,
فَازَ يَفُوزُ فَوْزًا,
to be successful,
فَرَضَ يَفْرِضُ فَرْضًا,
to make compulsory,
قَبِلَ يَقْبَلُ قَبُولاً,
to accept,
قَطَعَ يَقْطَعُ قَطْعًا,
to cut,
لَبِثَ يَلْبَثُ لُبْثًا,
"to remain, stay, spend (time)",
مَضَى يَمْضِي مُضِيًّا,
"to past, spend",
نَافَقَ يُنَافِقُ مُنَافَقَةً,
to act hypocritically,
نَزَلَ يَنْزِلُ نُزُولاً,
"to descend, come down,",
نَكَحَ يَنْكِحُ نِكَاحًا,
to marry,
"وَجَدَ يَجِدُ وُجُودًا، وِجْدَانًا",
to find,
اِجْتَمَعَ يَجْتَمِعُ اِجْتِمَاعًا,
to gather,
أَذَّنَ يُؤَذِّنُ تَأْذِينًا,
to call (to prayers),
أَسْرَفَ يُسْرِفُ إِسْرَافًا,
"to exceed bounds, be extravagant",
أَشْرَكَ يُشْرِكُ إِشْرَاكًا,
to ascribe partners,
أَغْنَى يُغْنِي إِغْنَاءً,
"to avail, be of use",
أَنْبَتَ يُنْبِتُ إِنْبَاتًا,
to make grow,
أَهْلَكَ يُهْلِكُ إِهْلاَكًا,
to destroy,
بَقِيَ يَبْقَى بَقَاءً,
to remain,
بَلَغَ يَبْلُغُ بُلُوغًا,
to reach,
بَنَى يَبْنِي بِنَاءً,
"to build, construct",
تَوَضَّأَ يَتَوَضَّأُ تَوَضُّؤًا,
to perform ablution,
جَازَ يَجُوزُ جَوَازًا,
to be permissible,
حَاسَبَ يُحَاسِبُ حِسَابًا,
to account,
حَجَّ يَحُجُّ حَجًّا,
to perform hajj,
حَشَرَ يَحْشُرُ حَشْرًا,
to gather,
حَصَلَ يَحْصُلُ حُصُولاً,
to acquire,
ذَاقَ يَذُوقُ ذَوْقًا,
to taste,
يَوْمُ الخَمِيسِ,
Thursday,
يَوْمُ الجُمْعَةِ,
Friday,
يَوْمُ السَّبْتِ,
Saturday,
يَوْمُ الأَحَدِ,
Sunday,
يَوْمُ الإثْنَيْنِ,
Monday,
يَوْمُ الثُّلَاثَاءِ,
Tuesday,
يَوْمُ الأَرْبِعَاءِ,
Wednesday,
رَجَبٌ,
Rajab,
شَعْبَانُ,
Shaban,
رَمَضَانُ,
Ramadhan,
شَوَّالٌ,
Shawwal,
ذُو القَعْدَةِ,
Zul Qadah,
ذُو الحِجَّةِ,
Zul Hijjah,
مُحَرَّمٌ,
Muharram,
صَفَرٌ,
Safar,
رَبِيعُ الأَوَّلُ,
Rabi al-Awal,
رَبِيعُ الثَّانِي,
Rabi at-Thani,
جُمَادَى الأُولَى,
Jumada al-Awal,
جُمَادَى الآخِرَةِ,
Jumada at-Thani,
إِمَّا ... أَوْ,
either or,
لَا,
not,
وَلَا,
neither nor,
بَلْ,
"rather, but",
لَكِنْ,
"rather, but",
وَ,
and,
فَ,
then,
ثُمَّ,
then,
أَوْ,
either or,
إِمَّا ... وَإِمَّا,
either or,
سَبْعَ عَشْرَةَ / سَبْعَةَ عَشَرَ,
seventeen,
ثَمَانِي عَشْرَةَ / ثَمَانِيَةَ عَشَرَ,
eighteen,
تِسْعَ عَشْرَةَ / تِسْعَةَ عَشَرَ,
nineteen,
عِشْرُونَ,
twenty,
ثَلَاثُونَ,
thirty,
أَرْبَعُونَ,
forty,
خَمْسُونَ,
fifty,
سِتُّونَ,
sixty,
سَبْعُونَ,
seventy,
ثَمَانُونَ,
eighty,
تِسْعُونَ,
ninety,
مِائَة ج مِئَاتٌ,
hundred,
"أَلْفٌ ج آلَافٌ، أُلُوفٌ",
thousand,
نَحْوُ,
approximately,
حَوَالَي,
approximately,
وَاحِدٌ / وَاحِدَةٌ,
one,
اثْنَانِ / اثْنَتَانِ,
two,
ثَلَاثٌ / ثَلَاثَةٌ,
three,
أَرْبَعٌ / أَرْبَعَةٌ,
four,
خَمْسٌ / خَمْسَةٌ,
five,
سِتٌّ / سِتَّةٌ,
six,
سَبْعٌ / سَبْعَةٌ,
seven,
ثَمَانٍ / ثَمَانِيَةٌ,
eight,
تِسْعٌ / تِسْعَةٌ,
nine,
عَشْرٌ / عَشَرَةٌ,
ten,
أَحَدَ عَشَرَ / إِحْدَى عَشْرَةَ,
eleven,
اثْنَا عَشَرَ / اثْنَتَا عَشْرَةَ,
twelve,
ثَلَاثَةَ عَشَرَ / ثَلَاثَ عَشْرَةَ,
thirteen,
أَرْبَعَةَ عَشَرَ / أَرْبَعَ عَشْرَةَ,
fourteen,
خَمْسَةَ عَشَرَ / خَمْسَ عَشْرَةَ,
fifteen,
سِتَّةَ عَشَرَ / سِتَّ عَشْرَةَ,
sixteen,
خِلاَلَ,
"during, in between",
أَثْنَاءَ,
during,
خَلْفَ,
behind,
أَمَامَ,
in front of,
عِنْدَ,
"by, at the time of, in the eyes of, according to",
بَعْدَ,
after,
فَوْقَ,
above,
بَيْنَ,
"between, amongst",
قَبْلَ,
"before, ago",
تَحْتَ,
under,
مَعَ,
with,
حَوْلَ,
around,
لِ,
"for, belongs to",
فِي,
in,
حَتَّى,
"until, even",
عَلَى,
on,
عَنْ,
"regarding, from",
إِلَى,
"to, towards, until",
كَ,
like,
مِنْ,
from,
بِ,
with,
هُنَالِكَ,
"there, at that time",
ثَمَّ,
there,
هُنَا,
here,
هَهُنَا,
here,
هُنَاكَ,
there,
صَوْتٌ ج أَصْوَاتٌ,
voice,
طِينٌ,
clay,
"ظَهْرٌ ج ظُهُورٌ، أَظْهُرٌ",
back,
عَاقِلٌ ج عُقَلاَءُ,
intelligent,
عِنَبٌ ج أَعْنَابٌ,
grapes,
عَهْدٌ,
"acquaintance, pledge, era",
فَاكِهَةٌ ج فَوَاكِهُ,
fruit,
فَصْلٌ ج فُصُولٌ,
classroom,
قَاعِدَةٌ ج قَوَاعِدُ,
"foundation, rule",
قَبْرٌ ج قُبُورٌ,
grave,
قِرْنٌ ج أَقْرَانٌ,
"peer, fellow",
قَرِيبٌ ج أَقَارِبُ,
close relative,
كَأْسٌ ج كُؤُوسٌ (مؤ),
cup,
كُوبٌ ج أَكْوَابٌ,
cup,
مِحْرَابٌ ج مَحَارِيبُ,
prayer niche,
مُصْحَفٌ ج مَصَاحِفُ,
Quran (written copy),
مُكَرَّمَةٌ,
"honoured, revered",
مِنْبَرٌ ج مَنَابِرُ,
pulpit,
نَقِيرٌ,
groove of a date-stone,
هِجْرَةٌ,
migration,
وَلِيٌّ ج أَوْلِيَاءُ,
"guardian, friend",
مَوْضِعٌ ج مَوَاضِعُ,
place,
مَيْتَةٌ,
"carrion, dead",
نَصِيرٌ,
helper,
خَتَمَ يَخْتِمُ خَتْمًا,
"to seal, complete",
خَفِيَ يَخْفَى خَفَاءً,
to remain hidden,
ذَبَحَ يَذْبَحُ ذَبْحًا,
to slaughter,
زَلْزَلَ يُزَلْزِلُ زَلْزَلَةً,
to shake,
طَافَ يَطُوفُ طَوَافًا,
to do tawaf,
طَهُرَ يَطْهُرُ طَهَارَةً,
to be pure,
عَزَمَ يَعْزِمُ عَزْمًا,
"to resolve, make a firm decision",
غَسَلَ يَغْسِلُ غَسْلاً,
to wash,
فَاضَ يَفِيضُ فَيْضًا,
to flow,
فَاقَ يَفُوقُ فَوْقًا,
"to surpass, excel",
فَضَّلَ يُفَضِّلُ تَفْضِيلاً,
to give virtue,
فَعَلَ يَفْعَلُ فِعْلاً,
to do,
لَبِسَ يَلْبَسُ لُبْسًا,
to wear,
نَجَحَ يَنْجَحُ نَجَاحًا,
to succeed,
نَجَّى يُنَجِّي تَنْجِيَةً,
"to save, grant salvation",
نَظَرَ يَنْظُرُ نَظَرًا,
to look,
نَفَخَ يَنْفُخُ نَفْخًا,
to blow,
ابْتَغَى يَبْتَغِي ابْتِغَاءً,
to search,
ابْتَلَى يَبْتَلِي ابْتِلاَءً,
to test,
أَحْسَنَ يُحْسِنُ إِحْسَانًا,
to be kind,
أَدْخَلَ يُدْخِلُ إِدْخَالاً,
to grant entry,
أَذِنَ يَأْذَنُ إِذْنًا,
to grant permission,
اسْتَجَابَ يَسْتَجِيبُ اسْتِجَابَةً,
"to answer a prayer, respond to a call",
اسْتَغْنَى يَسْتَغْنِي اسْتِغْنَاءً,
to get by without,
أَصَابَ يُصِيبُ إِصَابَةً,
to afflict,
أَظْهَرَ يُظْهِرُ إِظْهَارًا,
"to make aware, show, make apparent",
افْتَرَى يَفْتَرِي افْتِرَاءً,
to fabricate,
آمَنَ يَأْمَنُ أَمْنًا,
"to feel safe from, trust",
بَدَّلَ يُبَدِّلُ تَبْدِيلاً,
to change,
بَغَى يَبْغِي بَغْيًا,
to transgress,
تَأَخَّرَ يَتَأَخَّرُ تَأَخُّرًا,
to get late,
تَأَدَّبَ يَتَأَدَّبُ تَأَدُّبًا,
to maintain good manners,
حَرَّمَ يُحَرِّمُ تَحْرِيمًا,
"to forbid, make sacred",
حَرَمَ يَحْرِمُ حِرْمَانًا,
to deprive,
أُذُنٌ ج آذَانٌ,
ear,
بَصَرٌ ج أَبْصَارٌ,
sight,
بِئْرٌ ج آبَارٌ (مؤ),
well,
تُرَابٌ ج أَتْرِبَةٌ,
soil,
ثَوْبٌ ج ثِيَابٌ,
cloth,
حَرَامٌ,
"sacred, impermissible",
خِنْزِيرٌ,
"swine, pig",
دَمٌ ج دِمَاءٌ,
blood,
دَمْعٌ ج دُمُوعٌ,
teardrop,
رَيْبٌ,
doubt,
"زَمَنٌ، زَمَانٌ",
"time, period",
زَيْتُونٌ,
olive,
سُوقٌ ج أَسْوَاقٌ (مؤ),
market,
"شُجَاعٌ ج شُجْعَانٌ، شَجَعَةٌ",
brave,
شَرِيفٌ ج شُرَفَاءُ,
noble,
شَرِيكٌ ج شُرَكَاءُ,
partner,
صَاحِبٌ ج أَصْحَابٌ,
"people (of), companion",
"صَبِيٌّ ج صِبْيَةٌ، صِبْيَانٌ",
child,
ذَهَبٌ,
gold,
رَاشِدٌ ج وَن,
guided,
رَجِيمٌ,
rejected,
سَوَاءٌ,
equal,
فِضَّةٌ,
silver,
مُبِينٌ,
clear,
آخَرُ ج ون,
another,
أَلِيمٌ,
painful,
جَحِيمٌ,
Fire of Hell,
حَرِيرٌ,
silk,
خَيْرٌ,
good,
ذَائِقَةٌ,
taste,
صَعِدَ يَصْعَدُ صُعُودًا,
to climb,
عَاذَ يَعُوذُ عَوْذًا,
to seek protection,
فَتَنَ يَفْتِنُ فَتْنًا,
"to test, trial",
"كَلَّمَ يُكَلِّمُ تَكْلِيمًا، كَلاَمًا",
to speak,
لَعِبَ يَلْعَبُ لَعِبًا,
to play,
لَعَنَ يَلْعَنُ لَعْنًا,
to curse,
مَلَكَ يَمْلِكُ مُلْكًا,
"to own, control",
نَفَعَ يَنْفَعُ نَفْعًا,
to benefit,
وَصَلَ يَصِلُ وُصُولاً,
to reach,
اتَّبَعَ يَتَّبِعُ اتِّبَاعًا,
to follow,
آثَرَ يُؤْثِرُ إِيثَارًا,
to give preference,
اسْتَعَانَ يَسْتَعِينُ اسْتِعَانَةً,
to seek help,
اغْتَابَ يَغْتَابُ اغْتِيَابًا,
to backbite,
أَقَامَ يُقِيمُ إِقَامَةً,
"to establish, stay, reside",
أَمَرَ يَأْمُرُ أَمْرًا,
to command,
خَدَعَ يَخْدَعُ خِدَاعًا,
to deceive,
دَخَلَ يَدْخُلُ دُخُولاً,
to enter,
شَفَعَ يَشْفَعُ شَفَاعَةً,
to intercede,
أَيَّانَ,
when,
كَيْفَ,
how,
أَنَّى,
"from where, how",
كَمْ,
how many,
أَيُّ,
which,
لِمَ,
why,
لِمَاذَا,
why,
لِمَنْ,
who does it belong to,
"أ, هَلْ",
(interrogative particle),
مَنْ,
who,
مَنْ ذَا,
who,
مَا,
what,
مَاذَا,
what,
أَيْنَ,
where,
مَتَى,
when,
بَعْضٌ,
"some, one",
سَائِرٌ,
"remaining, rest of, all",
بَقِيَّةٌ,
"remainder, rest",
صِيغَةٌ,
(form of a verb),
عِزَّةٌ,
honour,
عَشَاءٌ ج أَعْشِيَةٌ,
dinner,
عَقْلٌ ج عُقُولٌ,
intellect,
غَدَاءٌ ج أَغْذِيَةٌ,
"breakfast, lunch",
مُرْسَلٌ ج وَن,
messenger,
وَقْتٌ ج أَوْقَاتٌ,
time,
يَمِينٌ ج أَيْمَانٌ,
right,
آلٌ,
"family, followers",
آلاَءٌ ج آلاَء,
"gift, bounty",
حَبْلٌ ج حِبَالٌ,
rope,
حَدِيثٌ ج أَحَادِيثُ,
"discourse, Prophetic narration",
سَلاَمٌ,
peace,
سَيِّدٌ,
leader,
شِمَالٌ,
left,
شَوْطٌ ج أَشْوَاطٌ,
"round, course",
رَاجَعَ يُرَاجِعُ مُرَاجَعَةً,
"to go over, recap",
صَرَّفَ يُصَرِّفُ تَصْرِيفًا,
to change,
ضَيَّعَ يُضَيِّعُ تَضْيِيعًا,
to waste,
طَلَعَ يَطْلُعُ طُلُوعًا,
to rise,
غَرَبَ يَغْرُبُ غُرُوبًا,
to set,
أَحْيَى يُحْيِي إِحْيَاءً,
to give life,
اشْتَكَى يَشْتَكِي اشْتِكَاءً,
to complain,
اعْتَصَمَ يَعْتَصِمُ اعْتِصَامًا,
to adhere to,
أَغْرَقَ يُغْرِقُ إِغْرَاقًا,
to drown,
بَدَأَ يَبْدَأُ بَدْءًا,
"to initiate, start",
كَتَبَ يَكْتُبُ كِتَابَةً,
"to write, enjoin",
نَادَى يُنَادِي مُنَادَاةً,
to call out,
وَصَّى يُوصِّي تَوْصِيَةً,
"to advise, order",
أَرْسَلَ يُرْسِلُ إِرْسَالًا,
to send,
أَوْحَى يُوحِي إِيحَاءً,
"to inspire, reveal",
عَهِدَ يَعْهَدُ عَهْدًا,
to make a covenant,
دَوَاء ج أَدْوِيَةٌ,
medicine,
اِسْم ج أَسْمَاءٌ,
name,
سِجْن ج سُجُونٌ,
jail,
إِصْبَع ج أَصَابِعُ (مـ),
finger,
ضَالّ ج وُنَ,
misguided,
اِمْتِحَان ج اتٌ,
exam,
طَبِيب ج أَطِبَّاءُ,
doctor,
أَهْلٌ,
people,
عِشَاءٌ,
evening,
بَطْن ج بُطُونٌ,
stomach,
مِلَّة ج مِلَلٌ,
"religion, creed",
جَسَد ج أَجْسَادٌ,
body,
هِلَال ج أَهِلَّةٌ,
crescent,
خَبَر ج أَخْبَارٌ,
news,
حَدَّثَ يُحَدِّثُ تَحْدِيثًا,
"to narrate, relate",
أَبْصَرَ يُبْصِرُ إِبْصَارًا,
to see,
خَزِيَ يَخْزَى خِزْيًا,
to be disgraced,
اِجْتَنَبَ يَجْتَنِبُ اِجْتِنَابًا,
to abstain,
دَرَسَ يَدْرُسُ دَرْسًا,
to study,
اِحْتَرَقَ يَحْتَرِقُ اِحْتِرَاقًا,
to burn,
دَفَنَ يَدْفِنُ دَفْنًا,
to bury,
أَخْرَجَ يُخْرِجُ إِخْرَاجًا,
to take out,
رَفَعَ يَرْفَعُ رَفْعًا,
to make مَرْفُوع,
اِسْتَرَاحَ يَسْتَرِيحُ اِسْتِرَاحَةً,
to rest,
زَجَرَ يَزْجُرُ زَجْرًا,
to scold,
اِسْتَعَاذَ يَسْتَعِيذُ اِسْتِعَاذَةً,
to seek refuge,
سَالَ يَسِيلُ سَيَلَانًا,
to flow,
اِسْتَقْبَلَ يَسْتَقْبِلُ اِسْتِقْبَالًا,
"to face, turn towards",
شَاءَ يَشَاءُ مَشِيئَةً,
"to wish, desire",
اِسْتَكْبَرَ يَسْتَكْبِرُ اِسْتِكْبَارًا,
to act proudly,
طَالَعَ يُطَالِعُ مُطَالَعَةً,
"to read, study",
اِسْتَمَعَ يَسْتَمِعُ اِسْتِمَاعًا,
to listen,
طَهَّرَ يُطَهِّرُ تَطْهِيرًا,
to clean,
"أَكَّدَ يُؤَكِّدُ تَأْكِيدًا، تَوْكِيدًا",
to emphasise,
عَاشَ يَعِيشُ عَيْشًا,
to live,
اِنْتَظَرَ يَنْتَظِرُ اِنْتِظَارًا,
to wait,
عَطَسَ يَعْطِسُ عُطَاسًا,
to sneeze,
أَنْجَى يُنْجِي إِنْجَاءً,
to save,
عَقَّ يَعِقُّ عُقُوقًا,
to disobey (parents),
بَرَّ يَبَرُّ بِرًّا,
to be dutiful/obedient (to parents),
كَشَفَ يَكْشِفُ كَشْفًا,
"to uncover, remove",
تَابَ يَتُوبُ تَوْبَةً,
to repent,
مَرَّ يَمُرُّ مُرُورًا,
to pass,
تَزَوَّجَ يَتَزَوَّجُ تَزَوُّجًا,
to get married,
نَصَبَ يَنْصِبُ نَصْبًا,
to make مَنْصُوب,
تَكَلَّمَ يَتَكَلَّمُ تَكَلُّمًا,
to speak,
نَفَى يَنْفِي نَفْيًا,
to negate,
تَوَفَّى يَتَوَفَّى تَوَفِّيًا,
"to take (life), (يُتَوَفَّى: die)",
وَفَّقَ يُوَفِّقُ تَوْفِيقًا,
to grant ability,
جَزَّ يَجُزُّ جَزًّا,
to make مَجْزُوم,
يَبِسَ يَيْبَسُ يَبْسًا,
to be dry,
جَزَمَ يَجْزِمُ جَزْمًا,
to make مَجْزُوم,
مَا الظَّرْفِيَّةُ,
مَوْصُول (time),
مَا دَامَ,
مَوْصُول (time),
أَنْ التَّفْسِيرِيَّةُ,
أَنْ before quotation,
أَنَّ,
مَوْصُول (indicative),
مَا,
مَوْصُول (indicative),
أَنْ,
مَوْصُول (subjunctive),
كَيْ,
مَوْصُول (subjunctive),
كَبِيرَةٌ ج كَبَائِرُ,
major sin,
لِسَانٌ ج أَلْسِنَةٌ,
tongue,
لُغَةٌ ج اتٌ,
language,
لَهْوٌ,
futile activity,
مَسْأَلَةٌ ج مَسَائِلُ,
ruling,
مَعْصِيَةٌ ج مَعَاصي,
disobedience,
مَعْلُومٌ,
known,
مَنْسَكٌ ج مَنَاسِكُ,
ritual,
أَدَبٌ ج آدَابٌ,
"manner, etiquette",
رُوحٌ ج أَرْوَاحٌ,
soul,
"سَرِيعٌ ج سِرَاعٌ، سُرْعَانُ",
swift,
شَفَةٌ ج شِفَاهٌ,
lip,
عَاشُورَاءُ,
Ashura (10th Muharram),
عِقَابٌ,
punishment,
عَقْلٌ ج عُقُولٌ,
intellect,
عَلَامَةٌ ج اتٌ,
sign,
جَزَى يَجْزِي جَزَاءً,
to recompense,
حَلَّ يَحِلُّ حَلاَلاً,
to be permissible,
دَرَى يَدْرِي دِرَايَةً,
to know,
دَفَعَ يَدْفَعُ دَفْعًا,
"to push, repel",
رَبَّى يُرَبِّي تَرْبِيَةً,
"to raise, rear, nurture",
زَارَ يَزُورُ زِيَارَةً,
to visit,
"سَرَّ يَسُرُّ سُرُورًا، مَسَرَّةً",
to make happy,
سَكَنَ يَسْكُنُ سُكُونًا,
"to rest, reside",
شَرَحَ يَشْرَحُ شَرْحًا,
to explain,
شَهِدَ يَشْهَدُ شَهَادَةً,
"to testify, witness",
ظَهَرَ يَظْهَرُ ظُهُورًا,
to become apparent,
عَقَلَ يَعْقِلُ عَقْلاً,
to understand,
قَدَرَ يَقْدِرُ قُدْرَةً,
to be able to,
كَرِهَ يَكْرَهُ كَرَاهَةً,
to dislike,
لَقِيَ يَلْقَى لِقَاءً,
to meet,
مَنَعَ يَمْنَعُ مَنْعًا,
"to stop, prohibit, forbid",
"نَدِمَ يَنْدَمُ نَدَامَةً، نَدَمًا",
to regret,
نَهَى يَنْهَى نَهْيًا,
to prohibit,
وَجَبَ يَجِبُ وُجُوبًا,
to be compulsory,
أَبَى يَأْبَى إِبَاءً,
to refuse,
"أَدَّى يُؤَدِّي تَأْدِيَةً، أَدَاءً",
"to fulfil, complete",
أَذْنَبَ يُذْنِبُ إِذْنَابًا,
to sin,
أَرَادَ يُرِيدُ إِرَادَةً,
to intend,
اِسْتَحْيَى يَسْتَحْيِي اِسْتِحْيَاءً,
to be ashamed,
اِسْتَشَارَ يَسْتَشِيرُ اِسْتِشَارَةً,
to seek advice or counsel,
اِسْتَطَاعَ يَسْتَطِيعُ اِسْتِطَاعَةً,
to be able to,
أَشْهَدَ يُشْهِدُ إِشْهَادًا,
to make witness,
اِعْتَرَفَ يَعْتَرِفُ اِعْتِرَافًا,
to acknowledge,
اِعْتَقَدَ يَعْتَقِدُ اِعْتِقَادًا,
to believe,
أَعْجَبَ يُعْجِبُ إِعْجَابًا,
"to please, delight",
أَغْضَبَ يُغْضِبُ إِغْضَابًا,
to make angry,
أَمْكَنَ يُمْكِنُ إِمْكَانًا,
to be possible,
اِنْبَغَى يَنْبَغِي اِنْبِغَاءً,
"to be suitable, appropriate, necessary",
اِنْتَهَى يَنْتَهِي اِنْتِهَاءً,
"to finish, complete",
بَشَّرَ يُبَشِّرُ تَبْشِيرًا,
to give glad tidings,
تَعِبَ يَتْعَبُ تَعَبًا,
to be tired,
تَمَنَّى يَتَمَنَّى تَمَنِّيًا,
to desire,
جَرَى يَجْرِي جَرَيَانًا,
to flow,
كَيْفَ,
however,
أَنَّى,
"from wherever, however",
كَمْ,
however many,
أَيُّ,
whichever,
مَنْ,
whoever,
مَا,
whatever,
أَيْنَ,
wherever,
مَتَى,
whenever,
أَيَّانَ,
whenever,
لَوْلَا,
if,
إِنْ,
if,
لَوْ,
if,
ذَمَّ يَذُمُّ ذَمًّا,
to criticise,
سَلِمَ يَسْلَمُ سَلاَمَةً,
to be safe,
عَاشَ يَعِيشُ عَيْشًا,
to live,
عَامَلَ يُعَامِلُ مُعَامَلَةً,
to deal,
عَصَمَ يَعْصِمُ عِصْمَةً,
to protect,
مَدَحَ يَمْدَحُ مَدْحًا,
to praise,
وَعَظَ يَعِظُ وَعْظًا,
to advise,
صُورَةٌ ج صُوَرٌ,
"form, picture",
عَصْرٌ ج عُصُورٌ,
time,
أَبْغَضَ يُبْغِضُ إِبْغَاضًا,
"to dislike, hate",
اِتَّقَى يَتَّقِي اِتِّقَاءً,
to fear,
أَجَرَ يَأْجُرُ أَجْرًا,
to reward,
أَخْبَرَ يُخْبِرُ إِخْبَارًا,
to inform,
أَرْضَى يُرْضِي إِرْضَاءً,
to please,
بَارَكَ يُبَارِكُ مُبَارَكَةً,
to bless,
حَزَنَ يَحْزُنُ حُزْنًا,
to make sad,
خُطْوَةٌ ج خُطُوَاتٌ,
footsteps,
جِسْمٌ ج أَجْسَامٌ,
body,
